<?xml version="1.0" encoding="utf-8"?>
<LinearLayout xmlns:android="http://schemas.android.com/apk/res/android"
    xmlns:app="http://schemas.android.com/apk/res-auto"
    xmlns:tools="http://schemas.android.com/tools"
    android:layout_width="match_parent"
    android:layout_height="match_parent"
    tools:context=".MainActivity">

  

        <LinearLayout
            android:layout_width="match_parent"
            android:layout_height="wrap_content"
            android:orientation="horizontal">

            <TextView
                android:id="@+id/textView2"
                android:layout_width="90dp"
                android:layout_height="wrap_content"
                android:text="Type" />

            <Spinner
                android:id="@+id/spT"
                android:layout_width="match_parent"
                android:layout_height="wrap_content"
                android:layout_weight="1"
                android:entries="@array/type" />

        </LinearLayout>



        <LinearLayout
            android:layout_width="match_parent"
            android:layout_height="wrap_content"
            android:orientation="horizontal">

            <TextView
                android:id="@+id/textView"
                android:layout_width="90dp"
                android:layout_height="wrap_content"
                android:text="CIN Suspect" />

            <EditText
                android:id="@+id/edCIN"
                android:layout_width="wrap_content"
                android:layout_height="wrap_content"
                android:layout_weight="1"
                android:ems="10"
                android:inputType="textPersonName" />

        </LinearLayout>

        <LinearLayout
            android:layout_width="match_parent"
            android:layout_height="wrap_content"
            android:orientation="horizontal">

            <TextView
                android:id="@+id/textView3"
                android:layout_width="90dp"
                android:layout_height="wrap_content"
                android:text="Age Suspect" />

            <EditText
                android:id="@+id/edAge"
                android:layout_width="wrap_content"
                android:layout_height="wrap_content"
                android:layout_weight="1"
                android:ems="10"
                android:inputType="number" />

        </LinearLayout>

        <LinearLayout
            android:layout_width="match_parent"
            android:layout_height="wrap_content"
            android:orientation="horizontal">

            <TextView
                android:id="@+id/textView5"
                android:layout_width="90dp"
                android:layout_height="wrap_content"
                android:text="Remarques" />

            <LinearLayout
                android:layout_width="match_parent"
                android:layout_height="wrap_content"
                android:orientation="vertical">

                <CheckBox
                    android:id="@+id/chIF"
                    android:layout_width="match_parent"
                    android:layout_height="wrap_content"
                    android:text="Immunité Faible" />

                <CheckBox
                    android:id="@+id/chMC"
                    android:layout_width="match_parent"
                    android:layout_height="wrap_content"
                    android:text="Maladie Chronique" />
            </LinearLayout>
        </LinearLayout>

        <LinearLayout
            android:layout_width="match_parent"
            android:layout_height="wrap_content"
            android:orientation="horizontal">

            <TextView
                android:id="@+id/textView4"
                android:layout_width="90dp"
                android:layout_height="wrap_content"
                android:text="Résultat" />

            <RadioGroup
                android:id="@+id/rdgR"
                android:layout_width="match_parent"
                android:layout_height="wrap_content"
                android:layout_weight="1">

                <RadioButton
                    android:id="@+id/rdN"
                    android:layout_width="wrap_content"
                    android:layout_height="wrap_content"
                    android:layout_weight="1"
                    android:checked="true"
                    android:text="Négatif" />

                <RadioButton
                    android:id="@+id/rdP"
                    android:layout_width="wrap_content"
                    android:layout_height="wrap_content"
                    android:layout_weight="1"
                    android:text="Positif" />

            </RadioGroup>

        </LinearLayout>

        <LinearLayout
            android:layout_width="match_parent"
            android:layout_height="wrap_content"
            android:orientation="horizontal">

            <Button
                android:id="@+id/btnA"
                android:layout_width="wrap_content"
                android:layout_height="wrap_content"
                android:layout_weight="1"
                android:text="Ajouter" />

            <Button
                android:id="@+id/btnE"
                android:layout_width="wrap_content"
                android:layout_height="wrap_content"
                android:layout_weight="1"
                android:text="Effacer" />

            <Button
                android:id="@+id/btnV"
                android:layout_width="wrap_content"
                android:layout_height="wrap_content"
                android:layout_weight="1"
                android:text="Vider" />
        </LinearLayout>

        <ListView
            android:id="@+id/lstT"
            android:layout_width="match_parent"
            android:layout_height="match_parent" />

</LinearLayout>
